segment,customers,revenue,avg_customer_value
Potential Loyalists,33602,4608965.28,137.1634212249271
Loyal Customers,22382,3211253.5100000002,143.4748239656867
Champions,14961,2255504.32,150.75892787915245
At Risk,11150,1597486.0,143.27228699551569
Lost,11263,1548289.0,137.46683832016336
