payment_type,avg_order_value,orders,p_value
credit_card,143.87316526390308,76278,5.63494190960879e-38
boleto,121.929522789844,19614,5.63494190960879e-38
